##Only Demo,,,,,,,,,,,,,,,,,,,,,,,,,,,,,,,,,,,,,,,,,,,,,,,,,,,,,,,,,,,,
,,,,,,,,,,,,,,,,,,,,,,,,,,,,,,,,,,,,,,,,,,,,,,,,,,,,,,,,,,,,
,,,,,,,,,,,,,,,,,,,,,,,,,,,,,,,,,,,,,,,,,,,,,,,,,,,,,,,,,,,,
No.,Chromosome,POS,REF,ALT,TYPE,Gene Name,Gene ID,Start_lncRNA,End_lncRNA,sample_name,rnasnp_pglobal,rnasnp_plocal,rnaplfold_pu1delta,rnaplfold_pucover8delta,regmap_promoter_hit,regmap_promoter_source,regmap_pELS_hit,regmap_dELS_hit,regmap_CTCF_hit,AR_deltabit,AR_absdelta_bits,AR_tauabsdeltafam_bits,AR_strong_change,FOXA_FAM_deltabit,FOXA_FAM_absdelta_bits,FOXA_FAM_tauabsdeltafam_bits,FOXA_FAM_strong_change,HOXB13_deltabit,HOXB13_absdelta_bits,HOXB13_tauabsdeltafam_bits,HOXB13_strong_change,GATA_FAM_deltabit,GATA_FAM_absdelta_bits,GATA_FAM_tauabsdeltafam_bits,GATA_FAM_strong_change,NKX3-1_deltabit,NKX3-1_absdelta_bits,NKX3-1_tauabsdeltafam_bits,NKX3-1_strong_change,ETS_FAM_deltabit,ETS_FAM_absdelta_bits,ETS_FAM_tauabsdeltafam_bits,ETS_FAM_strong_change,TWIST1_deltabit,TWIST1_absdelta_bits,TWIST1_tauabsdeltafam_bits,TWIST1_strong_change,ZEB1_deltabit,ZEB1_absdelta_bits,ZEB1_tauabsdeltafam_bits,ZEB1_strong_change,SNAI1_deltabit,SNAI1_absdelta_bits,SNAI1_tauabsdeltafam_bits,SNAI1_strong_change,SOX4_deltabit,SOX4_absdelta_bits,SOX4_tauabsdeltafam_bits,SOX4_strong_change,ARS score
1,chr4,7754100,C,T,SNP,AFAP1-AS1,ENSG00000272620.2,7754077,7778928,KAL057-T,0.4501,0.3591,-0.1172495,-0.000184609,TRUE,PLS@TSS,FALSE,FALSE,FALSE,-19.93156857,19.93156856932418,19.93156856932418,TRUE,,,,,,,,,,,,,,,,,,,,,,,,,,,,,,,,,,,,,4
2,chr6,22150075,G,A,SNP,CASC15,ENSG00000272168.11,21664164,22660021,KAL0091-T,0.1087,0.0294,0.44465971,0.000132828,FALSE,,FALSE,FALSE,FALSE,,,,,,,,,,,,,,,,,,,,,,,,,,,,,,,,,,,,,,,,,4
3,chr10,118102174,T,A,SNP,CASC2,ENSG00000177640.17,118046279,118210158,UP2360-T,0.6402,0.5878,0.1883619,0.008721225,FALSE,,FALSE,TRUE,TRUE,,,,,,,,,,,,,,,,,,,,,,,,,,,,,,,,,,,,,,,,,4
4,chr20,62549831,C,T,SNP,CRMA,ENSG00000174403.18,62540159,62551535,DOD073-T,,,,,FALSE,,TRUE,FALSE,TRUE,,,,,,,,,,,,,,,,,,,,,,,,,,,,,,,,,13.060984195241684,13.060984195241684,10.953949929114572,TRUE,,,,,3
5,chr4,52714710,T,G,SNP,DANCR,ENSG00000226950.8,52712325,52723623,N0010-T,0.5089,0.534,-0.3369427,-0.000931108,FALSE,,TRUE,FALSE,FALSE,,,,,,,,,,,,,,,,,,,,,,,,,12.860117026939784,12.860117026939784,12.430384683679874,TRUE,,,,,,,,,,,,,4
6,chrX,115905374,G,A,SNP,DANT1,ENSG00000229335.3,115840798,115908066,KAL057-T,0.5525,0.6891,0.5250029,0.226581725,FALSE,,FALSE,FALSE,FALSE,,,,,,,,,,,,,,,,,,,,,,,,,,,,,,,,,,,,,,,,,4
7,chr22,18991314,G,T,SNP,DGCR5,ENSG00000273032.4,18969692,19031242,SMU087-T,0.103,0.0387,0.63674612,0.001004298,FALSE,,FALSE,FALSE,FALSE,,,,,,,,,,,,,,,,,,,,,,,,,,,,,,,,,,,,,,,,,4
8,chr1,182839548,G,T,SNP,DHX9-AS1,ENSG00000287808.2,182837185,182839561,UIC007-T,,,,,TRUE,FANTOM_CAGE,TRUE,FALSE,TRUE,,,,,,,,,,,,,,,,,,,,,,,,,,,,,,,,,,,,,,,,,3
9,chr15,69560030,A,T,SNP,DRAIC,ENSG00000245750.12,69462921,69855357,N0088-T,,,,,FALSE,,TRUE,FALSE,TRUE,,,,,,,,,,,,,,,,,,,,,,,,,,,,,,,,,,,,,16.06197797929751,16.06197797929751,16.06197797929751,TRUE,3